<?xml version="1.0"?>
<!DOCTYPE catalog PUBLIC "-//OASIS//DTD Entity Resolution XML Catalog V1.0//EN" "http://www.oasis-open.org/committees/entity/release/1.0/catalog.dtd">
<catalog xmlns="urn:oasis:names:tc:entity:xmlns:xml:catalog">
<!-- Bogus entry to avoid this being empty -->
<uri name="http://this.does/not#exist" uri="file:///does/not/exist/either"/>

  
<group id="docbook-xsl-stylesheets">
  <rewriteSystem systemIdStartString="http://docbook.sourceforge.net/release/xsl/1.79.2" rewritePrefix="file:///usr/share/xml/docbook/stylesheet/nwalsh/1.79.2"/>
  <rewriteURI uriStartString="http://docbook.sourceforge.net/release/xsl/1.79.2" rewritePrefix="file:///usr/share/xml/docbook/stylesheet/nwalsh/1.79.2"/>
  <rewriteSystem systemIdStartString="http://docbook.sourceforge.net/release/xsl/current" rewritePrefix="file:///usr/share/xml/docbook/stylesheet/nwalsh/current"/>
  <rewriteURI uriStartString="http://docbook.sourceforge.net/release/xsl/current" rewritePrefix="file:///usr/share/xml/docbook/stylesheet/nwalsh/current"/>
  <rewriteURI uriStartString="http://cdn.docbook.org/release/xsl-nons/1.79.2" rewritePrefix="file:///usr/share/xml/docbook/stylesheet/nwalsh/1.79.2"/>
  <rewriteSystem systemIdStartString="http://cdn.docbook.org/release/xsl-nons/1.79.2" rewritePrefix="file:///usr/share/xml/docbook/stylesheet/nwalsh/1.79.2"/>
  <rewriteURI uriStartString="http://cdn.docbook.org/release/xsl-nons/current" rewritePrefix="file:///usr/share/xml/docbook/stylesheet/nwalsh/current"/>
  <rewriteSystem systemIdStartString="http://cdn.docbook.org/release/xsl-nons/current" rewritePrefix="file:///usr/share/xml/docbook/stylesheet/nwalsh/current"/>
  </group>



  
<group id="docbook_4">
    <!-- === Version 4.1.2 === -->
    <delegatePublic publicIdStartString="-//OASIS//DTD DocBook XML V4.1.2//EN" catalog="file:///usr/share/xml/docbook/schema/dtd/4.1.2/catalog.xml"/>
    <delegatePublic publicIdStartString="-//OASIS//DTD DocBook CALS Table Model V4.1.2//EN" catalog="file:///usr/share/xml/docbook/schema/dtd/4.1.2/catalog.xml"/>
    <delegatePublic publicIdStartString="-//OASIS//ELEMENTS DocBook Information Pool V4.1.2//EN" catalog="file:///usr/share/xml/docbook/schema/dtd/4.1.2/catalog.xml"/>
    <delegatePublic publicIdStartString="-//OASIS//ELEMENTS DocBook Document Hierarchy V4.1.2//EN" catalog="file:///usr/share/xml/docbook/schema/dtd/4.1.2/catalog.xml"/>
    <delegatePublic publicIdStartString="-//OASIS//ENTITIES DocBook Additional General Entities V4.1.2//EN" catalog="file:///usr/share/xml/docbook/schema/dtd/4.1.2/catalog.xml"/>
    <delegatePublic publicIdStartString="-//OASIS//ENTITIES DocBook Notations V4.1.2//EN" catalog="file:///usr/share/xml/docbook/schema/dtd/4.1.2/catalog.xml"/>
    <delegatePublic publicIdStartString="-//OASIS//ENTITIES DocBook Character Entities V4.1.2//EN" catalog="file:///usr/share/xml/docbook/schema/dtd/4.1.2/catalog.xml"/>
    <delegatePublic publicIdStartString="-//OASIS//ENTITIES DocBook Additional General Entities V4.1.2//EN" catalog="file:///usr/share/xml/docbook/schema/dtd/4.1.2/catalog.xml"/>
    <rewriteSystem rewritePrefix="file:///usr/share/xml/docbook/schema/dtd/4.1.2" systemIdStartString="http://www.oasis-open.org/docbook/xml/4.1.2"/>
    <rewriteSystem rewritePrefix="file:///usr/share/xml/docbook/schema/dtd/4.1.2" systemIdStartString="http://www.docbook.org/xml/4.1.2"/>
    <!-- === Version 4.2 === -->
    <delegatePublic publicIdStartString="-//OASIS//DTD DocBook XML V4.2//EN" catalog="file:///usr/share/xml/docbook/schema/dtd/4.2/catalog.xml"/>
    <delegatePublic publicIdStartString="-//OASIS//DTD DocBook CALS Table Model V4.2//EN" catalog="file:///usr/share/xml/docbook/schema/dtd/4.2/catalog.xml"/>
    <delegatePublic publicIdStartString="-//OASIS//ELEMENTS DocBook Information Pool V4.2//EN" catalog="file:///usr/share/xml/docbook/schema/dtd/4.2/catalog.xml"/>
    <delegatePublic publicIdStartString="-//OASIS//ELEMENTS DocBook Document Hierarchy V4.2//EN" catalog="file:///usr/share/xml/docbook/schema/dtd/4.2/catalog.xml"/>
    <delegatePublic publicIdStartString="-//OASIS//ENTITIES DocBook Additional General Entities V4.2//EN" catalog="file:///usr/share/xml/docbook/schema/dtd/4.2/catalog.xml"/>
    <delegatePublic publicIdStartString="-//OASIS//ENTITIES DocBook Notations V4.2//EN" catalog="file:///usr/share/xml/docbook/schema/dtd/4.2/catalog.xml"/>
    <delegatePublic publicIdStartString="-//OASIS//ENTITIES DocBook Character Entities V4.2//EN" catalog="file:///usr/share/xml/docbook/schema/dtd/4.2/catalog.xml"/>
    <delegatePublic publicIdStartString="-//OASIS//ENTITIES DocBook Additional General Entities V4.2//EN" catalog="file:///usr/share/xml/docbook/schema/dtd/4.2/catalog.xml"/>
    <rewriteSystem rewritePrefix="file:///usr/share/xml/docbook/schema/dtd/4.2" systemIdStartString="http://www.oasis-open.org/docbook/xml/4.2"/>
    <rewriteSystem rewritePrefix="file:///usr/share/xml/docbook/schema/dtd/4.2" systemIdStartString="http://www.docbook.org/xml/4.2"/>
    <!-- === Version 4.3 === -->
    <delegatePublic publicIdStartString="-//OASIS//DTD DocBook XML V4.3//EN" catalog="file:///usr/share/xml/docbook/schema/dtd/4.3/catalog.xml"/>
    <delegatePublic publicIdStartString="-//OASIS//DTD DocBook CALS Table Model V4.3//EN" catalog="file:///usr/share/xml/docbook/schema/dtd/4.3/catalog.xml"/>
    <delegatePublic publicIdStartString="-//OASIS//ELEMENTS DocBook Information Pool V4.3//EN" catalog="file:///usr/share/xml/docbook/schema/dtd/4.3/catalog.xml"/>
    <delegatePublic publicIdStartString="-//OASIS//ELEMENTS DocBook Document Hierarchy V4.3//EN" catalog="file:///usr/share/xml/docbook/schema/dtd/4.3/catalog.xml"/>
    <delegatePublic publicIdStartString="-//OASIS//ELEMENTS DocBook XML HTML Tables V4.3//EN" catalog="file:///usr/share/xml/docbook/schema/dtd/4.3/catalog.xml"/>
    <delegatePublic publicIdStartString="-//OASIS//ENTITIES DocBook Additional General Entities V4.3//EN" catalog="file:///usr/share/xml/docbook/schema/dtd/4.3/catalog.xml"/>
    <delegatePublic publicIdStartString="-//OASIS//ENTITIES DocBook Notations V4.3//EN" catalog="file:///usr/share/xml/docbook/schema/dtd/4.3/catalog.xml"/>
    <delegatePublic publicIdStartString="-//OASIS//ENTITIES DocBook Character Entities V4.3//EN" catalog="file:///usr/share/xml/docbook/schema/dtd/4.3/catalog.xml"/>
    <delegatePublic publicIdStartString="-//OASIS//ENTITIES DocBook Additional General Entities V4.3//EN" catalog="file:///usr/share/xml/docbook/schema/dtd/4.3/catalog.xml"/>
    <rewriteSystem rewritePrefix="file:///usr/share/xml/docbook/schema/dtd/4.3" systemIdStartString="http://www.oasis-open.org/docbook/xml/4.3"/>
    <rewriteSystem rewritePrefix="file:///usr/share/xml/docbook/schema/dtd/4.3" systemIdStartString="http://www.docbook.org/xml/4.3"/>
    <!-- === Version 4.4 === -->
    <delegatePublic publicIdStartString="-//OASIS//DTD DocBook XML V4.4//EN" catalog="file:///usr/share/xml/docbook/schema/dtd/4.4/catalog.xml"/>
    <delegatePublic publicIdStartString="-//OASIS//DTD DocBook CALS Table Model V4.4//EN" catalog="file:///usr/share/xml/docbook/schema/dtd/4.4/catalog.xml"/>
    <delegatePublic publicIdStartString="-//OASIS//ELEMENTS DocBook Information Pool V4.4//EN" catalog="file:///usr/share/xml/docbook/schema/dtd/4.4/catalog.xml"/>
    <delegatePublic publicIdStartString="-//OASIS//ELEMENTS DocBook Document Hierarchy V4.4//EN" catalog="file:///usr/share/xml/docbook/schema/dtd/4.4/catalog.xml"/>
    <delegatePublic publicIdStartString="-//OASIS//ELEMENTS DocBook XML HTML Tables V4.4//EN" catalog="file:///usr/share/xml/docbook/schema/dtd/4.4/catalog.xml"/>
    <delegatePublic publicIdStartString="-//OASIS//ENTITIES DocBook Additional General Entities V4.4//EN" catalog="file:///usr/share/xml/docbook/schema/dtd/4.4/catalog.xml"/>
    <delegatePublic publicIdStartString="-//OASIS//ENTITIES DocBook Notations V4.4//EN" catalog="file:///usr/share/xml/docbook/schema/dtd/4.4/catalog.xml"/>
    <delegatePublic publicIdStartString="-//OASIS//ENTITIES DocBook Character Entities V4.4//EN" catalog="file:///usr/share/xml/docbook/schema/dtd/4.4/catalog.xml"/>
    <delegatePublic publicIdStartString="-//OASIS//ENTITIES DocBook Additional General Entities V4.4//EN" catalog="file:///usr/share/xml/docbook/schema/dtd/4.4/catalog.xml"/>
    <rewriteSystem rewritePrefix="file:///usr/share/xml/docbook/schema/dtd/4.4" systemIdStartString="http://www.oasis-open.org/docbook/xml/4.4"/>
    <rewriteSystem rewritePrefix="file:///usr/share/xml/docbook/schema/dtd/4.4" systemIdStartString="http://www.docbook.org/xml/4.4"/>
    <!-- === Version 4.5 === -->
    <delegatePublic publicIdStartString="-//OASIS//DTD DocBook XML V4.5//EN" catalog="file:///usr/share/xml/docbook/schema/dtd/4.5/catalog.xml"/>
    <delegatePublic publicIdStartString="-//OASIS//DTD DocBook CALS Table Model V4.5//EN" catalog="file:///usr/share/xml/docbook/schema/dtd/4.5/catalog.xml"/>
    <delegatePublic publicIdStartString="-//OASIS//ELEMENTS DocBook Information Pool V4.5//EN" catalog="file:///usr/share/xml/docbook/schema/dtd/4.5/catalog.xml"/>
    <delegatePublic publicIdStartString="-//OASIS//ELEMENTS DocBook Document Hierarchy V4.5//EN" catalog="file:///usr/share/xml/docbook/schema/dtd/4.5/catalog.xml"/>
    <delegatePublic publicIdStartString="-//OASIS//ELEMENTS DocBook XML HTML Tables V4.5//EN" catalog="file:///usr/share/xml/docbook/schema/dtd/4.5/catalog.xml"/>
    <delegatePublic publicIdStartString="-//OASIS//ENTITIES DocBook Additional General Entities V4.5//EN" catalog="file:///usr/share/xml/docbook/schema/dtd/4.5/catalog.xml"/>
    <delegatePublic publicIdStartString="-//OASIS//ENTITIES DocBook Notations V4.5//EN" catalog="file:///usr/share/xml/docbook/schema/dtd/4.5/catalog.xml"/>
    <delegatePublic publicIdStartString="-//OASIS//ENTITIES DocBook Character Entities V4.5//EN" catalog="file:///usr/share/xml/docbook/schema/dtd/4.5/catalog.xml"/>
    <delegatePublic publicIdStartString="-//OASIS//ENTITIES DocBook Additional General Entities V4.5//EN" catalog="file:///usr/share/xml/docbook/schema/dtd/4.5/catalog.xml"/>
    <rewriteSystem rewritePrefix="file:///usr/share/xml/docbook/schema/dtd/4.5" systemIdStartString="http://www.oasis-open.org/docbook/xml/4.5"/>
    <rewriteSystem rewritePrefix="file:///usr/share/xml/docbook/schema/dtd/4.5" systemIdStartString="http://www.docbook.org/xml/4.5"/>
    <!-- === Miscellenous === -->
    <delegatePublic publicIdStartString="-//OASIS//DTD XML Exchange Table Model 19990315//EN" catalog="file:///usr/share/xml/docbook/schema/dtd/4.5/catalog.xml"/>
  </group>

  
<!-- === XML Entities === -->

  
<group id="docbook_4_xmlentities">
    <public uri="file:///usr/share/xml/docbook/schema/dtd/4.5/ent/isoamsa.ent" publicId="ISO 8879:1986//ENTITIES Added Math Symbols: Arrow Relations//EN//XML"/>
    <system uri="file:///usr/share/xml/docbook/schema/dtd/4.5/ent/isoamsa.ent" systemId="http://www.w3.org/2003/entities/iso8879/isoamsa.ent"/>
    <public uri="file:///usr/share/xml/docbook/schema/dtd/4.5/ent/isoamsb.ent" publicId="ISO 8879:1986//ENTITIES Added Math Symbols: Binary Operators//EN//XML"/>
    <system uri="file:///usr/share/xml/docbook/schema/dtd/4.5/ent/isoamsb.ent" systemId="http://www.w3.org/2003/entities/iso8879/isoamsb.ent"/>
    <public uri="file:///usr/share/xml/docbook/schema/dtd/4.5/ent/isoamsc.ent" publicId="ISO 8879:1986//ENTITIES Added Math Symbols: Delimiters//EN//XML"/>
    <system uri="file:///usr/share/xml/docbook/schema/dtd/4.5/ent/isoamsc.ent" systemId="http://www.w3.org/2003/entities/iso8879/isoamsc.ent"/>
    <public uri="file:///usr/share/xml/docbook/schema/dtd/4.5/ent/isoamsn.ent" publicId="ISO 8879:1986//ENTITIES Added Math Symbols: Negated Relations//EN//XML"/>
    <system uri="file:///usr/share/xml/docbook/schema/dtd/4.5/ent/isoamsn.ent" systemId="http://www.w3.org/2003/entities/iso8879/isoamsn.ent"/>
    <public uri="file:///usr/share/xml/docbook/schema/dtd/4.5/ent/isoamso.ent" publicId="ISO 8879:1986//ENTITIES Added Math Symbols: Ordinary//EN//XML"/>
    <system uri="file:///usr/share/xml/docbook/schema/dtd/4.5/ent/isoamso.ent" systemId="http://www.w3.org/2003/entities/iso8879/isoamso.ent"/>
    <public uri="file:///usr/share/xml/docbook/schema/dtd/4.5/ent/isoamsr.ent" publicId="ISO 8879:1986//ENTITIES Added Math Symbols: Relations//EN//XML"/>
    <system uri="file:///usr/share/xml/docbook/schema/dtd/4.5/ent/isoamsr.ent" systemId="http://www.w3.org/2003/entities/iso8879/isoamsr.ent"/>
    <public uri="file:///usr/share/xml/docbook/schema/dtd/4.5/ent/isobox.ent" publicId="ISO 8879:1986//ENTITIES Box and Line Drawing//EN//XML"/>
    <system uri="file:///usr/share/xml/docbook/schema/dtd/4.5/ent/isobox.ent" systemId="http://www.w3.org/2003/entities/iso8879/isobox.ent"/>
    <public uri="file:///usr/share/xml/docbook/schema/dtd/4.5/ent/isocyr1.ent" publicId="ISO 8879:1986//ENTITIES Russian Cyrillic//EN//XML"/>
    <system uri="file:///usr/share/xml/docbook/schema/dtd/4.5/ent/isocyr1.ent" systemId="http://www.w3.org/2003/entities/iso8879/isocyr1.ent"/>
    <public uri="file:///usr/share/xml/docbook/schema/dtd/4.5/ent/isocyr2.ent" publicId="ISO 8879:1986//ENTITIES Non-Russian Cyrillic//EN//XML"/>
    <system uri="file:///usr/share/xml/docbook/schema/dtd/4.5/ent/isocyr2.ent" systemId="http://www.w3.org/2003/entities/iso8879/isocyr2.ent"/>
    <public uri="file:///usr/share/xml/docbook/schema/dtd/4.5/ent/isodia.ent" publicId="ISO 8879:1986//ENTITIES Diacritical Marks//EN//XML"/>
    <system uri="file:///usr/share/xml/docbook/schema/dtd/4.5/ent/isodia.ent" systemId="http://www.w3.org/2003/entities/iso8879/isodia.ent"/>
    <public uri="file:///usr/share/xml/docbook/schema/dtd/4.5/ent/isogrk1.ent" publicId="ISO 8879:1986//ENTITIES Greek Letters//EN//XML"/>
    <system uri="file:///usr/share/xml/docbook/schema/dtd/4.5/ent/isogrk1.ent" systemId="http://www.w3.org/2003/entities/iso8879/isogrk1.ent"/>
    <public uri="file:///usr/share/xml/docbook/schema/dtd/4.5/ent/isogrk2.ent" publicId="ISO 8879:1986//ENTITIES Monotoniko Greek//EN//XML"/>
    <system uri="file:///usr/share/xml/docbook/schema/dtd/4.5/ent/isogrk2.ent" systemId="http://www.w3.org/2003/entities/iso8879/isogrk2.ent"/>
    <public uri="file:///usr/share/xml/docbook/schema/dtd/4.5/ent/isogrk3.ent" publicId="ISO 8879:1986//ENTITIES Greek Symbols//EN//XML"/>
    <system uri="file:///usr/share/xml/docbook/schema/dtd/4.5/ent/isogrk3.ent" systemId="http://www.w3.org/2003/entities/iso8879/isogrk3.ent"/>
    <public uri="file:///usr/share/xml/docbook/schema/dtd/4.5/ent/isogrk4.ent" publicId="ISO 8879:1986//ENTITIES Alternative Greek Symbols//EN//XML"/>
    <system uri="file:///usr/share/xml/docbook/schema/dtd/4.5/ent/isogrk4.ent" systemId="http://www.w3.org/2003/entities/iso8879/isogrk4.ent"/>
    <public uri="file:///usr/share/xml/docbook/schema/dtd/4.5/ent/isolat1.ent" publicId="ISO 8879:1986//ENTITIES Added Latin 1//EN//XML"/>
    <system uri="file:///usr/share/xml/docbook/schema/dtd/4.5/ent/isolat1.ent" systemId="http://www.w3.org/2003/entities/iso8879/isolat1.ent"/>
    <public uri="file:///usr/share/xml/docbook/schema/dtd/4.5/ent/isolat2.ent" publicId="ISO 8879:1986//ENTITIES Added Latin 2//EN//XML"/>
    <system uri="file:///usr/share/xml/docbook/schema/dtd/4.5/ent/isolat2.ent" systemId="http://www.w3.org/2003/entities/iso8879/isolat2.ent"/>
    <public uri="file:///usr/share/xml/docbook/schema/dtd/4.5/ent/isonum.ent" publicId="ISO 8879:1986//ENTITIES Numeric and Special Graphic//EN//XML"/>
    <system uri="file:///usr/share/xml/docbook/schema/dtd/4.5/ent/isonum.ent" systemId="http://www.w3.org/2003/entities/iso8879/isonum.ent"/>
    <public uri="file:///usr/share/xml/docbook/schema/dtd/4.5/ent/isopub.ent" publicId="ISO 8879:1986//ENTITIES Publishing//EN//XML"/>
    <system uri="file:///usr/share/xml/docbook/schema/dtd/4.5/ent/isopub.ent" systemId="http://www.w3.org/200osc 3/entities/iso8879/isopub.ent"/>
    <public uri="file:///usr/share/xml/docbook/schema/dtd/4.5/ent/isotech.ent" publicId="ISO 8879:1986//ENTITIES General Technical//EN//XML"/>
    <system uri="file:///usr/share/xml/docbook/schema/dtd/4.5/ent/isotech.ent" systemId="http://www.w3.org/2003/entities/iso8879/isotech.ent"/>
  </group>



  
<group id="xmlcharent">
    <rewriteSystem systemIdStartString="http://www.oasis-open.org/docbook/xmlcharent/0.3/" rewritePrefix="file:///usr/share/xmlcharent/entities/"/>
	<public publicId="ISO 8879:1986//ENTITIES Publishing//EN//XML" uri="file:///usr/share/xmlcharent/entities/iso-pub.ent"/>
	<public publicId="ISO 8879:1986//ENTITIES Greek Letters//EN//XML" uri="file:///usr/share/xmlcharent/entities/iso-grk1.ent"/>
	<public publicId="ISO 8879:1986//ENTITIES Box and Line Drawing//EN//XML" uri="file:///usr/share/xmlcharent/entities/iso-box.ent"/>
	<public publicId="ISO 8879:1986//ENTITIES Greek Symbols//EN//XML" uri="file:///usr/share/xmlcharent/entities/iso-grk3.ent"/>
	<public publicId="ISO 8879:1986//ENTITIES Added Math Symbols: Negated Relations//EN//XML" uri="file:///usr/share/xmlcharent/entities/iso-amsn.ent"/>
	<public publicId="ISO 8879:1986//ENTITIES Numeric and Special Graphic//EN//XML" uri="file:///usr/share/xmlcharent/entities/iso-num.ent"/>
	<public publicId="ISO 8879:1986//ENTITIES Alternative Greek Symbols//EN//XML" uri="file:///usr/share/xmlcharent/entities/iso-grk4.ent"/>
	<public publicId="ISO 8879:1986//ENTITIES Diacritical Marks//EN//XML" uri="file:///usr/share/xmlcharent/entities/iso-dia.ent"/>
	<public publicId="ISO 8879:1986//ENTITIES Monotoniko Greek//EN//XML" uri="file:///usr/share/xmlcharent/entities/iso-grk2.ent"/>
	<public publicId="ISO 8879:1986//ENTITIES Added Math Symbols: Arrow Relations//EN//XML" uri="file:///usr/share/xmlcharent/entities/iso-amsa.ent"/>
	<public publicId="ISO 8879:1986//ENTITIES Added Math Symbols: Ordinary//EN//XML" uri="file:///usr/share/xmlcharent/entities/iso-amso.ent"/>
	<public publicId="ISO 8879:1986//ENTITIES Russian Cyrillic//EN//XML" uri="file:///usr/share/xmlcharent/entities/iso-cyr1.ent"/>
	<public publicId="ISO 8879:1986//ENTITIES General Technical//EN//XML" uri="file:///usr/share/xmlcharent/entities/iso-tech.ent"/>
	<public publicId="ISO 8879:1986//ENTITIES Added Math Symbols: Delimiters//EN//XML" uri="file:///usr/share/xmlcharent/entities/iso-amsc.ent"/>
	<public publicId="ISO 8879:1986//ENTITIES Added Latin 1//EN//XML" uri="file:///usr/share/xmlcharent/entities/iso-lat1.ent"/>
	<public publicId="ISO 8879:1986//ENTITIES Added Math Symbols: Binary Operators//EN//XML" uri="file:///usr/share/xmlcharent/entities/iso-amsb.ent"/>
	<public publicId="ISO 8879:1986//ENTITIES Added Latin 2//EN//XML" uri="file:///usr/share/xmlcharent/entities/iso-lat2.ent"/>
	<public publicId="ISO 8879:1986//ENTITIES Added Math Symbols: Relations//EN//XML" uri="file:///usr/share/xmlcharent/entities/iso-amsr.ent"/>
    <public publicId="ISO 8879:1986//ENTITIES Non-Russian Cyrillic//EN//XML" uri="file:///usr/share/xmlcharent/entities/iso-cyr2.ent"/>
  </group>


</catalog>
